model,RMSE,MAE,MAPE
Prophet,0.10355617036063089,0.08135087259146333,17.04418513515213
XGBoost,0.07868331213166134,0.059493973558369107,12.305184330640758
Linear,0.11245118179157,0.08656236578554201,17.805171266986708
